case,status,evidence_level,result
T00,PARTIAL,static,"盘点完成；识别扩展缺少 extension/v1 client"
T01-lint,PASS,real_build,"npm run lint exit 0; 3 warnings"
T01-ui-copy,PASS,real_build,"npm run check:ui-copy exit 0"
T01-build,PASS,real_build,"npm run build exit 0 on isolated clone"
T01-root-suite,PASS,real_test_db,"After R00: 57 files passed, 1 skipped; 617 tests passed, 2 skipped. Reset now includes the three handoff tables and verifies rows are cleared."
T01-root-invocation,PASS,real_test_db,"Root Vitest is scoped to tests/**; extension suite runs independently. Cross-process worker resolves source from import.meta.url."
T01-extension-check,PASS,real_build,"npm --prefix vscode-extension run check exit 0"
T01-extension-tests,PASS,real_test_db,"13 files, 87 passed"
T01-extension-api-tests,PASS,route_test,"tests/checkpoint-api.test.ts: 9 passed"
T02-direct-deepseek,BLOCKED,not_run,"No key present in env or ignored env files; no request sent"
T02-web-deepseek,BLOCKED,not_run,"No key; no real chat submitted"
T02-extension-provider,BLOCKED,static,"Extension launches codex exec without DeepSeek provider configuration"
T02-missing-key-ux,PASS,real_web,"Synthetic project session created; chat returned explicit 'DeepSeek 未配置' error, left no assistant answer or false success; server logged POST /api/chat 400"
T03-real-ai-draft,BLOCKED,not_run,"No DeepSeek key"
T03-reviewer-team-project,PASS,real_web,"Reviewer account, team and project created in isolated database"
T03-manual-task,PASS,real_web,"T1 created through project task form; contract saved for A, handoffVersion 2"
T03-task-detail,PASS,real_web,"Initial failure reproduced and fixed; array evidence renders as labels, saves at contract v3, survives reload, and reopens with all selected checkboxes."
T04-account-membership,PASS,real_web,"A and B registered and joined; Outsider has no team"
T04-cross-account-browser,BLOCKED,real_web,"Single in-app browser profile switched accounts; separate browser profiles unavailable"
T04-vscode-host,PARTIAL,real_extension_host,"Isolated VS Code process loaded clone-b; Extension Host log confirms agilecampus.agilecampus-vscode activated; commands were not invoked"
T05-checkpoint,BLOCKED,not_run,"No Extension Host command interaction"
T06-shared-handoff,BLOCKED,static,"Extension client has no extension/v1 calls; manual export/import not yet exercised"
T07-b-continuation,BLOCKED,not_run,"No local Agent started"
T08-parallel-attempts,BLOCKED,not_run,"No Extension Host Agent runs"
T09-github-simulation,PASS,real_github,"Private synthetic repo created and baseline pushed; no PR yet"
T10-outsider-web-acl,PASS,real_web,"Outsider navigating to project returned 404"
T10-other-faults,NOT_RUN,not_run,"Deferred until active end-to-end path exists"
T11-user-flow,PARTIAL,real_web,"Registration/team/project path observed; Agent session created, but missing-key chat correctly failed; full handoff path not available"
SIM-smoke,PASS,local_project,"2 smoke tests passed on synthetic repo baseline"
SIM-contract-baseline,EXPECTED_FAIL,local_project,"1 pass, 5 expected failures before implementation"
